Elapsed Time (s),Current (A),Resistance (Ohm)
0.8824687004089355,6.385385e-12,313215256401.9241
1.7561018466949463,5.520466e-12,362288256100.1191
